{
  "mantieni_distanza": 2.9000000000000017,
  "fermati": 1.5000000000000004,
  "esegui_comando": 1.4000000000000004
}